{
  "timestamp": "2026-07-04T10-25-31-753Z",
  "config": {
    "totalLogFiles": 25,
    "usedLogFiles": 25,
    "skippedFirstN": 0,
    "confidenceLevel": 0.95,
    "criticalValue": 1.96
  },
  "summaryAcrossRuns": {
    "avgSummary": {
      "totalTests": 7,
      "passed": 7,
      "failed": 0,
      "sumDurationMs": 8412.92,
      "avgPeakMemoryMB": 34.02240000000001,
      "maxPeakMemoryMB": null,
      "avgCpuUserPercent": 13.467942857142859,
      "avgCpuSystemPercent": 2.0871999999999997
    },
    "confidenceIntervals": {
      "sumDurationMs": {
        "mean": 8412.92,
        "variance": 2131244.3266666667,
        "std": 1459.878188982446,
        "sem": 291.9756377964892,
        "ciLower": 7840.647749918881,
        "ciUpper": 8985.19225008112,
        "min": 7784,
        "max": 15267
      },
      "avgPeakMemoryMB": {
        "mean": 34.02240000000001,
        "variance": 1.6112873673469412,
        "std": 1.269364946477939,
        "sem": 0.2538729892955878,
        "ciLower": 33.52480894098066,
        "ciUpper": 34.51999105901936,
        "min": 30.027142857142856,
        "max": 36.02428571428572
      },
      "maxPeakMemoryMB": {
        "mean": 0,
        "variance": 0,
        "std": 0,
        "sem": 0,
        "ciLower": 0,
        "ciUpper": 0,
        "min": 0,
        "max": 0
      },
      "avgCpuUserPercent": {
        "mean": 13.467942857142859,
        "variance": 2.4745498435374143,
        "std": 1.5730701966337721,
        "sem": 0.3146140393267544,
        "ciLower": 12.85129934006242,
        "ciUpper": 14.084586374223298,
        "min": 10.388571428571428,
        "max": 16.58142857142857
      },
      "avgCpuSystemPercent": {
        "mean": 2.0871999999999997,
        "variance": 0.23332236054421773,
        "std": 0.4830345334903269,
        "sem": 0.09660690669806538,
        "ciLower": 1.8978504628717916,
        "ciUpper": 2.276549537128208,
        "min": 1.1385714285714286,
        "max": 2.8657142857142857
      }
    }
  },
  "testStats": [
    {
      "testName": "Килограммы в граммы",
      "count": 25,
      "statusCount": {
        "passed": 25
      },
      "duration": {
        "mean": 2460.36,
        "variance": 2170181.5733333337,
        "std": 1473.1536149815925,
        "sem": 294.63072299631847,
        "ciLower": 1882.883782927216,
        "ciUpper": 3037.836217072784,
        "min": 2023,
        "max": 9458
      },
      "memory": {
        "mean": 24.3336,
        "variance": 0.4448156666666668,
        "std": 0.66694502522072,
        "sem": 0.133389005044144,
        "ciLower": 24.072157550113477,
        "ciUpper": 24.595042449886524,
        "min": 23.66,
        "max": 25.71
      },
      "cpuUser": {
        "mean": 8.166400000000001,
        "variance": 7.423949,
        "std": 2.7246924597099027,
        "sem": 0.5449384919419805,
        "ciLower": 7.09832055579372,
        "ciUpper": 9.234479444206283,
        "min": 1.32,
        "max": 12.73
      },
      "cpuSystem": {
        "mean": 7.925999999999999,
        "variance": 2.7673833333333335,
        "std": 1.6635454106616188,
        "sem": 0.33270908213232375,
        "ciLower": 7.273890199020645,
        "ciUpper": 8.578109800979353,
        "min": 1.65,
        "max": 10.21
      }
    },
    {
      "testName": "Конвертация длины (5)",
      "count": 25,
      "statusCount": {
        "passed": 25
      },
      "duration": {
        "mean": 1328.4,
        "variance": 23811.41666666666,
        "std": 154.30948339835325,
        "sem": 30.86189667967065,
        "ciLower": 1267.9106825078456,
        "ciUpper": 1388.8893174921545,
        "min": 1233,
        "max": 1857
      },
      "memory": {
        "mean": 35.086,
        "variance": 1.1685500000000004,
        "std": 1.0809949121064355,
        "sem": 0.2161989824212871,
        "ciLower": 34.66224999445428,
        "ciUpper": 35.50975000554572,
        "min": 34.1,
        "max": 37.1
      },
      "cpuUser": {
        "mean": 25.17,
        "variance": 44.775458333333326,
        "std": 6.691446654747636,
        "sem": 1.3382893309495272,
        "ciLower": 22.546952911338927,
        "ciUpper": 27.793047088661076,
        "min": 11.79,
        "max": 36.52
      },
      "cpuSystem": {
        "mean": 1.862,
        "variance": 1.520083333333333,
        "std": 1.2329165962599955,
        "sem": 0.2465833192519991,
        "ciLower": 1.3786966942660819,
        "ciUpper": 2.3453033057339185,
        "min": 0,
        "max": 4.97
      }
    },
    {
      "testName": "Конвертация температуры с проверкой значений",
      "count": 25,
      "statusCount": {
        "passed": 25
      },
      "duration": {
        "mean": 891.32,
        "variance": 32730.476666666666,
        "std": 180.9156617506253,
        "sem": 36.183132350125064,
        "ciLower": 820.4010605937549,
        "ciUpper": 962.2389394062452,
        "min": 831,
        "max": 1747
      },
      "memory": {
        "mean": 35.8004,
        "variance": 1.1705706666666666,
        "std": 1.0819291412410827,
        "sem": 0.21638582824821656,
        "ciLower": 35.3762837766335,
        "ciUpper": 36.22451622336651,
        "min": 34.81,
        "max": 37.81
      },
      "cpuUser": {
        "mean": 12.573599999999999,
        "variance": 16.291940666666672,
        "std": 4.036327621324448,
        "sem": 0.8072655242648896,
        "ciLower": 10.991359572440816,
        "ciUpper": 14.155840427559182,
        "min": 5.55,
        "max": 20.98
      },
      "cpuSystem": {
        "mean": 1.0488,
        "variance": 1.0765943333333337,
        "std": 1.0375906386110727,
        "sem": 0.20751812772221453,
        "ciLower": 0.6420644696644595,
        "ciUpper": 1.4555355303355404,
        "min": 0,
        "max": 3.66
      }
    },
    {
      "testName": "Проверка ошибок ввода",
      "count": 25,
      "statusCount": {
        "passed": 25
      },
      "duration": {
        "mean": 1301.92,
        "variance": 33151.659999999996,
        "std": 182.07597315406554,
        "sem": 36.415194630813104,
        "ciLower": 1230.5462185236063,
        "ciUpper": 1373.2937814763939,
        "min": 1218,
        "max": 2037
      },
      "memory": {
        "mean": 32.188,
        "variance": 1.2123083333333347,
        "std": 1.1010487424875135,
        "sem": 0.2202097484975027,
        "ciLower": 31.756388892944898,
        "ciUpper": 32.61961110705511,
        "min": 30.68,
        "max": 34.17
      },
      "cpuUser": {
        "mean": 17.7964,
        "variance": 15.301865666666666,
        "std": 3.9117599193542882,
        "sem": 0.7823519838708577,
        "ciLower": 16.262990111613117,
        "ciUpper": 19.32980988838688,
        "min": 12.57,
        "max": 26.18
      },
      "cpuSystem": {
        "mean": 1.5812,
        "variance": 2.3425609999999994,
        "std": 1.530542714203037,
        "sem": 0.3061085428406074,
        "ciLower": 0.9812272560324095,
        "ciUpper": 2.1811727439675903,
        "min": 0,
        "max": 5.9
      }
    },
    {
      "testName": "Проверка истории при конвертации",
      "count": 25,
      "statusCount": {
        "passed": 25
      },
      "duration": {
        "mean": 842.52,
        "variance": 6731.759999999999,
        "std": 82.0473034291804,
        "sem": 16.40946068583608,
        "ciLower": 810.3574570557613,
        "ciUpper": 874.6825429442387,
        "min": 785,
        "max": 1185
      },
      "memory": {
        "mean": 36.004400000000004,
        "variance": 0.9561339999999996,
        "std": 0.9778210470224087,
        "sem": 0.19556420940448174,
        "ciLower": 35.62109414956722,
        "ciUpper": 36.38770585043279,
        "min": 34.93,
        "max": 37.94
      },
      "cpuUser": {
        "mean": 10.683599999999997,
        "variance": 16.567449,
        "std": 4.070313132917417,
        "sem": 0.8140626265834834,
        "ciLower": 9.088037251896369,
        "ciUpper": 12.279162748103625,